date,account_code,program_code,activity_code,grant_code,amount,description,reference
2026-01-15,4000,P01,,G-NSF-01,5100,Youth program fees,ACT-2026-01-001
2026-01-18,5000,P01,,,3200,Individual donation,ACT-2026-01-002
2026-01-20,6000,P01,,G-NSF-01,8000,Payroll,ACT-2026-01-003
2026-02-10,4000,P01,,G-NSF-01,5400,Youth program fees,ACT-2026-02-001
2026-02-12,5000,P02,P02-A1,,2800,Fundraiser revenue,ACT-2026-02-002
2026-02-15,6000,P02,P02-A1,,7500,Program payroll,ACT-2026-02-003
2026-02-28,6100,P04,,G-UNITED-02,4500,Administrative payroll,ACT-2026-02-004
2026-03-05,4200,P01,P01-A1,,2000,Training fee revenue,ACT-2026-03-001
2026-03-10,5200,P04,,G-UNITED-02,15000,Foundation grant received,ACT-2026-03-002
2026-03-15,6150,P04,,G-UNITED-02,1200,Payroll taxes,ACT-2026-03-003
2026-04-01,4500,P03,,,1800,Product sales,ACT-2026-04-001
2026-04-15,6000,P03,,,8500,Program staff payroll,ACT-2026-04-002
2026-04-20,6500,P02,P02-A1,,2500,Office rent,ACT-2026-04-003
2026-05-05,5300,P01,,,5000,Corporate sponsorship,ACT-2026-05-001
2026-05-10,6200,P01,,G-NSF-01,1200,Program supplies,ACT-2026-05-002
2026-05-25,6600,P04,,,800,Software license,ACT-2026-05-003
2026-06-15,4000,P02,P02-A2,,4200,Event revenue,ACT-2026-06-001
2026-06-18,5000,P04,,G-UNITED-02,2500,Donations,ACT-2026-06-002
2026-06-30,6100,P04,,G-UNITED-02,4500,Admin payroll,ACT-2026-06-003
2026-07-10,4600,P01,P01-A1,,300,Investment income,ACT-2026-07-001
2026-07-15,6000,P01,,,8100,Program staff,ACT-2026-07-002
2026-07-20,6700,P02,,,450,Office supplies,ACT-2026-07-003
2026-08-05,5100,P04,,,3000,Board contributions,ACT-2026-08-001
2026-08-12,6250,P02,P02-A1,,2200,Program production,ACT-2026-08-002
2026-08-25,6800,P04,,,600,Utilities,ACT-2026-08-003
2026-09-08,4000,P01,P01-A2,,4800,Program revenue,ACT-2026-09-001
2026-09-15,6300,P02,P02-A2,,3400,Client services,ACT-2026-09-002
2026-09-30,6150,P04,,G-UNITED-02,1200,Payroll taxes,ACT-2026-09-003
2026-10-10,5200,P01,,G-NSF-01,30000,Grant payment,ACT-2026-10-001
2026-10-15,6000,P03,,,8500,Residency staff,ACT-2026-10-002
2026-10-20,6600,P04,,,800,Software,ACT-2026-10-003
2026-11-05,4500,P01,,,1950,Product sales,ACT-2026-11-001
2026-11-12,6400,P02,P02-A1,,2500,Subgrant,ACT-2026-11-002
2026-11-30,6900,P04,,G-UNITED-02,1500,Consulting,ACT-2026-11-003
2026-12-10,5000,P01,,,4200,Year-end donations,ACT-2026-12-001
2026-12-15,6000,P01,,G-NSF-01,8200,Final payroll,ACT-2026-12-002
2026-12-31,6100,P04,,,4500,Year-end admin,ACT-2026-12-003
